Date,Title and Day Published,Days Since Published,Daily Views,Daily Likes,Daily Comments
2023-01-14,"If You Build It, I'll Pay For It! - (2022-12-31)",13,528810,9620,197
2023-01-14,World's Hardest Challenge! - (2022-12-16),28,134774,1603,46
2023-01-14,100 Youtuber Minecraft Battle Royale! - (2022-10-28),77,68938,1603,24
2023-01-14,"Extreme $1,000,000 Challenge! - (2022-10-12)",93,44078,665,2
2023-01-14,Minecraft with Ultra Realistic Graphics! - (2022-09-16),119,312637,5608,23
2023-01-14,Extreme Squid Game Challenge! - (2022-08-26),140,31418,496,-1
2023-01-14,World's Fastest Car! - (2022-07-09),188,69609,618,-1
2023-01-14,"100 Kills = $500,000 Challenge! - (2022-06-29)",198,17489,174,-8
2023-01-14,1000 People Simulate Civilization! - (2022-06-07),220,36917,544,-18
2023-01-14,World's Largest Experiment! - (2022-05-22),236,111592,1067,4
2023-01-14,"Insane $100,000 Challenge! - (2022-04-24)",264,29195,369,-6
2023-01-14,"$1 VS $29,000 House! - (2022-03-23)",296,51127,650,-15
2023-01-14,"1,000 Tanks Vs Titan Enderman! - (2022-03-05)",314,86228,896,-4
2023-01-14,World's Largest Challenge! - (2022-01-28),350,34587,385,-21
2023-01-14,10 vs 1000 Player Manhunt! - (2021-12-23),386,29068,513,-18
2023-01-14,GTA Wanted Level 100! - (2021-11-27),412,58546,534,-1
2023-01-14,"100,000 Player Building Challenge! - (2021-11-07)",432,33501,392,5
2023-01-14,Blowing Up Earth! - (2021-10-21),449,59655,585,5
2023-01-14,"$45,600 Squid Game Challenge! - (2021-10-14)",456,36528,268,-9
2023-01-14,"First To Raid Island Wins $100,000! - (2021-10-05)",465,7262,109,-3
2023-01-14,Don't Open The Wrong Box! - (2021-09-29),471,25163,288,1
2023-01-14,1000 vs 1000 Player War! - (2021-09-11),489,23829,355,-5
2023-01-14,"100 People Decide Who Wins $30,000! - (2021-09-01)",499,17450,232,-2
2023-01-14,"$2 VS $16,000 Minecraft House! - (2021-08-25)",506,53537,809,5
2023-01-14,World's Most Overpowered Weapons! - (2021-08-11),520,29345,309,0
2023-01-14,$1000 For Every Kill! - (2021-07-25),537,6441,66,-6
2023-01-14,I Survived 100 Days Of Hardcore Minecraft! - (2021-07-22),540,92395,865,13
2023-01-14,Walking Across The Entire Universe! - (2021-07-08),554,17238,241,-5
2023-01-14,1 vs 100 Player Manhunt! - (2021-06-30),562,72251,585,1
2023-01-14,World’s Largest Ramp! - (2021-06-11),581,38903,406,-1
2023-01-14,I Gave Away My Credit Card! - (2021-06-04),588,60069,172,-3
2023-01-14,"10,000 Zombies vs Mutant Wither! - (2021-05-22)",601,46343,423,-3
2023-01-14,"Mining 1,000,000 Blocks Alone! - (2021-05-12)",611,65754,1386,0
2023-01-14,If You Build A Lamborghini I'll Pay For It! - (2021-04-26),627,51569,549,-5
2023-01-14,"$10,000 For Every Diamond! - (2021-04-22)",631,27333,321,-4
2023-01-14,1000 People Build 10 Countries! - (2021-04-15),638,37452,368,-3
2023-01-14,World’s Largest Explosion! - (2021-04-07),646,301704,995,15
2023-01-14,Hide And Seek Across The Earth! - (2021-04-04),649,45498,529,-4
2023-01-14,"Giving A Random Player $50,000 If We Win! - (2021-03-30)",654,11506,140,-2
2023-01-14,1000 People vs 1 Infected! - (2021-03-28),656,19322,351,-5
2023-01-14,"Donating $100,000 To Twitch Streamers! - (2021-03-25)",659,20863,373,2
2023-01-14,"Would You Risk $5,000 for $100,000? - (2021-03-16)",668,64385,446,13
2023-01-14,"Donating $50,000 If You Beat Minecraft! - (2021-03-07)",677,19740,291,-3
2023-01-14,"I Hosted A $50,000 Talent Show! - (2021-02-28)",684,13296,150,-4
2023-01-14,Minecraft But Everything is 10x Bigger! - (2021-02-24),688,45909,181,2
2023-01-14,1 vs 10 Hunters in GTA! - (2021-02-16),696,30069,289,-3
2023-01-14,I Walked Across The Earth! - (2021-02-03),709,23393,370,9
2023-01-14,1000 Zombies vs Mutant Enderman! - (2021-01-27),716,36660,412,-3
2023-01-14,The Hardest Lava Escape! - (2021-01-23),720,8901,118,-2
2023-01-14,"I Hid $100,000 On The Dream SMP! - (2021-01-13)",730,8448,141,-2
2023-01-14,"If You Build a House, I'll Pay For It! - (2021-01-02)",741,78940,736,-5
2023-01-14,I Tried The First Ever Version Of Minecraft! - (2020-12-27),747,17452,201,2
2023-01-14,"Bedwars, But With 100 Players! - (2020-12-24)",750,17151,254,-1
2023-01-14,"Minecraft, But It's Only One Block! - (2020-12-17)",757,106560,659,-9
2023-01-14,"Donating $50,000 To Streamers With 0 Viewers - (2020-12-13)",761,45412,912,12
2023-01-14,I Modded Among Us With 100 Zombies! - (2020-12-11),763,22318,223,-3
2023-01-14,"Minecraft, But With Only 1 Heart! - (2020-12-07)",767,16833,268,1
2023-01-14,"I Made a $100,000 Among Us Tournament! - (2020-12-04)",770,34823,429,-4
2023-01-14,I Made 100 Players Escape An Impossible Maze! - (2020-12-02),772,62089,497,4
2023-01-14,I Won The Hardest Round Ever in Among US! - (2020-11-29),775,13445,203,-3
2023-01-14,"100 Players, But Lava Rises Every Minute! - (2020-11-27)",777,32573,429,0
2023-01-14,The Biggest Outplay Ever in 3D Among Us! - (2020-11-25),779,7915,128,-4
2023-01-14,"Last To Leave Circle Wins $10,000! - (2020-11-21)",783,15705,215,-3
2023-01-14,"Minecraft, But Every Minute There's Random Chaos! - (2020-11-19)",785,52086,279,1
2023-01-14,"I Made a $50,000 Player Building Competition! - (2020-11-17)",787,18625,225,-5
2023-01-14,"Among Us, But It's 3D! - (2020-11-11)",793,14368,187,-9
2023-01-14,"First To Defeat Hardest Boss Wins $10,000! - (2020-11-09)",795,7820,153,-2
2023-01-14,"The Craziest 8,000 IQ Among Us Outplay Ever! - (2020-11-05)",799,15876,223,1
2023-01-14,"Whatever You Buy, I'll Pay For! - (2020-11-02)",802,20887,245,-6
2023-01-14,"Among Us But PewDiePie Goes 90,000 IQ! - (2020-10-31)",804,16382,255,-6
2023-01-14,Breaking As Many Laws As Possible in 1 Hour! - (2020-10-28),807,13150,199,-3
2023-01-14,"Among Us But Every Winner Gets $10,000! - (2020-10-23)",812,8693,189,-7
2023-01-14,"I Made a $20,000 Among Us Challenge! - (2020-10-21)",814,13140,174,0
2023-01-14,Win This Game & I'll Give You a Tesla! - (2020-10-18),817,4555,83,0
2023-01-14,Among Us With 100 Real Players! - (2020-10-16),819,32487,344,-1
2023-01-14,I Visited All 7 Wonders of The World! - (2020-10-11),824,11251,147,-42
2023-01-14,"Among Us but LazarBeam Goes 4,000 IQ! - (2020-10-08)",827,21695,298,-3
2023-01-14,The Funniest Challenge in Watch Dogs: Legion! - (2020-10-06),829,2535,36,-15
2023-01-14,I Went on a 900 IQ Rampage in Among Us! - (2020-10-04),831,20009,275,-2
2023-01-14,The Best Rocket League Game Ever! - (2020-10-02),833,33080,288,-4
2023-01-14,I Made Minecraft Only 1 Block Wide! - (2020-09-30),835,25922,233,11
2023-01-14,Among Us But Dream Goes 900 IQ! - (2020-09-27),838,25644,338,1
2023-01-14,The Worst GTA 5 Graphics! - (2020-09-25),840,30865,497,-11
2023-01-14,The Most Insane 900 IQ Among Us Outplay! - (2020-09-22),843,34906,390,-4
2023-01-14,Can You Stop The Train in GTA 5? - (2020-09-20),845,40828,565,-117
2023-01-14,"Make This Jump and I'll Give you $10,000! - (2020-09-18)",847,8793,150,-2
2023-01-14,I Made a 100 Player Skyblock Challenge! - (2020-09-16),849,30927,405,-3
2023-01-14,"Minecraft, But Everything is 100x Faster! - (2020-09-12)",853,31792,213,1
2023-01-14,I Installed The GTA V Chaos Mod! - (2020-09-09),856,36693,424,1
2023-01-14,I Made My Own Country In Minecraft! - (2020-09-07),858,38668,277,-5
2023-01-14,The World's Hardest Video Game! - (2020-09-04),861,35168,425,4
2023-01-14,The Ultimate GTA V Stunt Race! - (2020-09-02),863,25008,292,-1
2023-01-14,I Made a 100 Island Building Competition! - (2020-08-31),865,23162,278,0
2023-01-14,"$100,000 Dream vs Technoblade Duel! - (2020-08-29)",867,13746,401,-55
2023-01-14,Can You Beat Fall Guys Without Jumping?! - (2020-08-26),870,79154,247,-7
2023-01-14,Can You Survive The Massive Tsunami? - (2020-08-24),872,21779,286,7
2023-01-14,Steal It & I'll Buy You a Real Diamond! - (2020-08-21),875,5847,95,-4
2023-01-14,"Extreme $20,000 Fall Guys Challenge! - (2020-08-19)",877,14431,134,-12
2023-01-14,"Minecraft, but Lava Rises Every Minute! - (2020-08-17)",879,11381,140,-6
2023-01-14,GTA V with Ultra Realistic Graphics Mod! - (2020-08-14),882,35092,451,-8
2023-01-14,I Downloaded The World's Hardest Mod! - (2020-08-11),885,19047,252,-2
2023-01-14,"Raiding Servers With 10,000 People! - (2020-08-08)",888,19474,106,-6
2023-01-14,"Whatever You Build, I'll Pay For! - (2020-08-06)",890,17865,308,-25
2023-01-14,"Minecraft, But Everything is Random! - (2020-08-02)",894,44439,412,-2
2023-01-14,Extreme 1:1 City Hide and Seek! - (2020-07-31),896,48264,251,2
2023-01-14,4 Hackers Vs 100 Players! - (2020-07-29),898,10989,205,-5
2023-01-14,Playing GTA 5 Without Breaking Any Laws! - (2020-07-25),902,46705,493,2
2023-01-14,I Got Hunted By 100 Players in Minecraft! - (2020-07-22),905,12308,189,0
2023-01-14,"$10,000 World Height Jump Challenge! - (2020-07-19)",908,25892,361,-8
2023-01-14,Playing Horrible Fortnite Clones! - (2020-07-17),910,11313,145,-4
2023-01-14,I Downloaded 1000+ Minecraft Mods! - (2020-07-15),912,10600,165,-5
2023-01-14,Climbing The World's Tallest Mountain! - (2020-07-12),915,14920,258,-1
2023-01-14,Minecraft But It's Raining Arrows! - (2020-07-10),917,16909,254,-1
2023-01-14,"First To Mine Netherite Wins $10,000! - (2020-07-08)",919,27746,405,-2
2023-01-14,Building My Entire City in 24 hours! - (2020-07-05),922,9529,134,-4
2023-01-14,I Made a 100 Player Building Competition! - (2020-07-03),924,24986,480,-3
2023-01-14,"I Played Minecraft Mini Golf For $10,000! - (2020-07-01)",926,12253,202,2
2023-01-14,Playing The Worst Rated Video Game! - (2020-06-28),929,14299,178,-3
2023-01-14,I Opened A Free Store In Minecraft! - (2020-06-26),931,25579,164,-4
2023-01-14,Best Minecraft Player vs 100 Players! - (2020-06-24),933,23691,400,6
2023-01-14,"Last to Survive Raining TNT wins $10,000 - Challenge - (2020-06-21)",936,8502,115,3
2023-01-14,"Epic $10,000 Prison Escape - Challenge - (2020-06-19)",938,11286,136,0
2023-01-14,"Last to Survive Desert wins $10,000 - Challenge - (2020-06-17)",940,5072,90,0
2023-01-14,"First to Raid Doomsday Bunker wins $10,000 - Challenge - (2020-06-14)",943,2737,51,-2
2023-01-14,Beating Minecraft But I Explode Every Minute - Part 2 - (2020-06-12),945,5123,72,-3
2023-01-14,Beating Minecraft But I Explode Every Minute - (2020-06-10),947,3894,64,-1
2023-01-14,"Last to Survive Deserted Island Wins $10,000 - Challenge - (2020-06-07)",950,16074,232,2
2023-01-14,"$10,000 Extreme Hide and Seek - Challenge - (2020-06-05)",952,29213,341,-1
2023-01-14,"First To Raid Area 51 Wins $10,000 - Challenge - (2020-06-03)",954,3487,59,-2
2023-01-14,"Last to Survive Abandoned City wins $10,000 - Challenge - (2020-05-31)",957,17252,108,-2
2023-01-14,"Last to Survive Extreme Roulette wins $10,000 - Challenge - (2020-05-29)",959,9552,157,-2
2023-01-14,"Last to Survive Plane Crash wins $10,000 - Challenge - (2020-05-27)",961,23105,153,0
2023-01-14,"Last to Survive Volcano wins $10,000 - Challenge - (2020-05-24)",964,2714,65,-2
2023-01-14,"$10,000 Obstacle Course - Challenge - (2020-05-22)",966,4632,92,-2
2023-01-14,"Last to Survive Random Blocks wins $10,000 - Challenge - (2020-05-20)",968,10183,210,1
2023-01-14,"Last to Survive Arena wins $10,000 - Challenge - (2020-05-16)",972,11621,150,-1
2023-01-14,"$10,000 Bank robbery - Challenge - (2020-05-14)",974,7165,103,0
2023-01-14,"Last To Survive Wins $10,000 - Challenge - (2020-05-12)",976,16327,194,-2
